{
    "metadata": {
        "normals": 60,
        "type": "Geometry",
        "faces": 48,
        "vertices": 98,
        "uvs": 0,
        "generator": "io_three",
        "version": 3
    },
    "normals": [0.362804,0.796106,0.484329,0.391705,0.731071,0.558611,0.352184,0.816095,0.458144,0.346202,0.851161,0.394482,0.344859,0.850581,0.396893,0.331462,0.869503,0.3661,0.279061,0.897427,0.341594,0.216926,0.92291,0.317972,0.145573,0.943937,0.296182,0.066622,0.958525,0.277078,-0.017335,0.965087,0.261269,-0.103061,0.962981,0.249031,-0.18717,0.952513,0.240089,-0.266793,0.934935,0.233772,-0.339946,0.912076,0.229225,-0.40553,0.8858,0.225501,-0.46321,0.858028,0.221778,-0.513138,0.830317,0.217322,-0.55565,0.80401,0.211646,-0.59096,0.780358,0.204321,-0.619037,0.760704,0.195105,-0.63918,0.746696,0.183996,-0.649586,0.740623,0.171667,-0.646626,0.74572,0.160436,-0.646596,0.74575,0.160405,-0.624989,0.764763,0.15656,-0.624287,0.765313,0.15659,-0.57683,0.797998,0.174352,-0.577288,0.797723,0.174108,-0.523484,0.823786,0.217414,-0.525407,0.823145,0.215186,-0.496872,0.82812,0.259346,-0.485336,0.821436,0.299417,-0.485336,0.821406,0.299478,-0.480331,0.808954,0.338878,-0.480331,0.808954,0.338908,-0.483779,0.792444,0.37138,-0.483779,0.792474,0.371349,-0.493698,0.776269,0.391919,-0.493667,0.776299,0.391888,-0.505814,0.764306,0.399915,-0.516648,0.757958,0.398206,-0.516617,0.757958,0.398206,-0.5244,0.75689,0.389996,-0.528672,0.760094,0.377789,-0.529496,0.766625,0.36314,-0.527085,0.77578,0.346843,-0.521561,0.787011,0.329417,-0.512955,0.800073,0.310984,-0.501144,0.814722,0.291604,-0.485916,0.830836,0.271249,-0.466811,0.848354,0.249672,-0.443312,0.867214,0.226691,-0.414686,0.887265,0.20191,-0.379986,0.908292,0.174871,-0.337992,0.929899,0.144902,-0.287271,0.951353,0.111179,-0.226234,0.971343,0.072634,-0.153264,0.987762,0.027955,-0.113468,0.99353,0.003937],
    "faces": [33,2,0,1,3,0,1,1,2,33,3,5,4,2,2,3,4,0,33,5,7,6,4,3,5,5,4,33,7,9,8,6,5,6,6,5,33,9,11,10,8,6,7,7,6,33,11,13,12,10,7,8,8,7,33,13,15,14,12,8,9,9,8,33,15,17,16,14,9,10,10,9,33,17,19,18,16,10,11,11,10,33,19,21,20,18,11,12,12,11,33,21,23,22,20,12,13,13,12,33,23,25,24,22,13,14,14,13,33,25,27,26,24,14,15,15,14,33,27,29,28,26,15,16,16,15,33,29,31,30,28,16,17,17,16,33,31,33,32,30,17,18,18,17,33,33,35,34,32,18,19,19,18,33,35,37,36,34,19,20,20,19,33,37,39,38,36,20,21,21,20,33,39,41,40,38,21,22,22,21,33,41,43,42,40,22,23,24,22,33,43,45,44,42,23,25,26,24,33,45,47,46,44,25,27,28,26,33,47,49,48,46,27,29,30,28,33,49,51,50,48,29,31,31,30,33,51,53,52,50,31,32,33,31,33,53,55,54,52,32,34,35,33,33,55,57,56,54,34,36,37,35,33,57,59,58,56,36,38,39,37,33,59,61,60,58,38,40,40,39,33,61,63,62,60,40,41,42,40,33,63,65,64,62,41,43,43,42,33,65,67,66,64,43,44,44,43,33,67,69,68,66,44,45,45,44,33,69,71,70,68,45,46,46,45,33,71,73,72,70,46,47,47,46,33,73,75,74,72,47,48,48,47,33,75,77,76,74,48,49,49,48,33,77,79,78,76,49,50,50,49,33,79,81,80,78,50,51,51,50,33,81,83,82,80,51,52,52,51,33,83,85,84,82,52,53,53,52,33,85,87,86,84,53,54,54,53,33,87,89,88,86,54,55,55,54,33,89,91,90,88,55,56,56,55,33,91,93,92,90,56,57,57,56,33,93,95,94,92,57,58,58,57,33,95,97,96,94,58,59,59,58],
    "vertices": [1.4102,-0.005883,0.666697,1.41298,0.06642,0.603246,1.25329,0.11272,0.654634,1.37651,0.180535,0.446359,1.10452,0.210614,0.604117,1.23924,0.284258,0.316532,0.963886,0.289271,0.563648,1.08091,0.368373,0.269837,0.831245,0.350258,0.532271,0.928626,0.434028,0.232646,0.706363,0.395179,0.509018,0.782367,0.482333,0.204217,0.588867,0.425639,0.492919,0.642247,0.514397,0.183809,0.478245,0.443189,0.483033,0.508522,0.531382,0.170653,0.373875,0.449269,0.478474,0.381555,0.534566,0.163924,0.275106,0.445163,0.478425,0.261742,0.525376,0.16273,0.181346,0.432008,0.482136,0.149414,0.505389,0.166111,0.092135,0.410835,0.488896,0.044778,0.476291,0.173066,0.007164,0.382629,0.498008,-0.052117,0.439809,0.182584,-0.07375,0.34839,0.508755,-0.141345,0.397659,0.193669,-0.150713,0.309149,0.520392,-0.223058,0.351523,0.205357,-0.223814,0.265974,0.532133,-0.297423,0.303048,0.216723,-0.293182,0.21994,0.543155,-0.364569,0.253872,0.226882,-0.359041,0.172093,0.552582,-0.424529,0.205664,0.234997,-0.421778,0.123393,0.559459,-0.477174,0.16018,0.240313,-0.482041,0.074647,0.562668,-0.522113,0.119325,0.24224,-0.540885,0.026459,0.560725,-0.558548,0.085211,0.24055,-0.599937,-0.020695,0.551325,-0.585111,0.060076,0.235837,-0.661223,-0.065803,0.530527,-0.600031,0.045619,0.230333,-0.725487,-0.105247,0.492482,-0.602822,0.040942,0.228176,-0.784075,-0.129583,0.438187,-0.602398,0.039309,0.226657,-0.848649,-0.14605,0.350911,-0.629144,0.035466,0.192337,-0.896419,-0.147417,0.264566,-0.647485,0.036789,0.162701,-0.929379,-0.133884,0.174781,-0.656746,0.041786,0.141808,-0.94495,-0.105764,0.08562,-0.660827,0.04908,0.125287,-0.942914,-0.06603,0.002329,-0.661263,0.059953,0.107577,-0.925827,-0.018844,-0.072019,-0.656818,0.076875,0.085297,-0.897055,0.032587,-0.137419,-0.645445,0.101362,0.058128,-0.859198,0.086557,-0.195448,-0.625863,0.13343,0.027339,-0.813877,0.142274,-0.247865,-0.597771,0.172179,-0.005625,-0.762096,0.199273,-0.29607,-0.561485,0.216384,-0.039674,-0.704565,0.25712,-0.341069,-0.517611,0.264785,-0.074112,-0.641884,0.31532,-0.383575,-0.46687,0.316189,-0.108538,-0.574626,0.373298,-0.424105,-0.410009,0.36948,-0.142747,-0.503369,0.430406,-0.463048,-0.347768,0.423611,-0.176659,-0.428708,0.485948,-0.500711,-0.280871,0.477591,-0.210279,-0.351263,0.539185,-0.537348,-0.210018,0.530468,-0.243665,-0.271677,0.589347,-0.573174,-0.135884,0.581317,-0.276911,-0.190619,0.635648,-0.608376,-0.059121,0.629237,-0.310143,-0.108784,0.677288,-0.643117,0.019648,0.673334,-0.343508,-0.026897,0.713464,-0.677537,0.09983,0.712722,-0.377178,0.054282,0.743383,-0.711753,0.180864,0.746502,-0.411347,0.133961,0.766278,-0.745852,0.262224,0.77375,-0.446238,0.21132,0.781431,-0.779896,0.343411,0.793494,-0.4821,0.285697,0.788218,-0.813996,0.423764,0.804663,-0.519135],
    "name": "MeshGeometry",
    "uvs": []
}