{
    "uvs": [],
    "metadata": {
        "uvs": 0,
        "generator": "io_three",
        "vertices": 8,
        "version": 3,
        "normals": 8,
        "type": "Geometry",
        "faces": 6
    },
    "vertices": [-33.1954,-4.8,30,-30,4.8,30,-33.1954,-4.8,-30,-30,4.8,-30,26.8046,-4.8,30,30,4.8,30,26.8046,-4.8,-30,30,4.8,-30],
    "normals": [-0.670705,-0.483657,-0.562304,-0.670705,-0.483657,0.562304,-0.469558,0.651204,0.596149,-0.469558,0.651204,-0.596149,0.670705,0.483657,-0.562304,0.469558,-0.651204,-0.596149,0.670705,0.483657,0.562304,0.469558,-0.651204,0.596149],
    "faces": [33,2,0,1,3,0,1,2,3,33,3,7,6,2,3,4,5,0,33,7,5,4,6,4,6,7,5,33,0,4,5,1,1,7,6,2,33,0,2,6,4,1,0,5,7,33,5,7,3,1,6,4,3,2],
    "name": "Cube.001Geometry"
}