{
    "metadata": {
        "normals": 62,
        "type": "Geometry",
        "faces": 48,
        "vertices": 98,
        "uvs": 0,
        "generator": "io_three",
        "version": 3
    },
    "normals": [-0.362804,-0.581164,0.728416,-0.391705,-0.494552,0.775842,-0.352184,-0.608966,0.710685,-0.346202,-0.663747,0.662954,-0.344859,-0.662374,0.665059,-0.331462,-0.690725,0.642628,-0.279061,-0.725364,0.6292,-0.216926,-0.757439,0.615802,-0.145573,-0.784661,0.602557,-0.066622,-0.804926,0.589618,0.017335,-0.816523,0.577044,0.103061,-0.81872,0.564806,0.18717,-0.811975,0.552812,0.266793,-0.797662,0.540849,0.339946,-0.777734,0.528703,0.40553,-0.754357,0.51619,0.46321,-0.729545,0.503128,0.513138,-0.705039,0.489456,0.55565,-0.682272,0.475082,0.59096,-0.662618,0.460067,0.619037,-0.647328,0.444655,0.63918,-0.637959,0.429426,0.63918,-0.637959,0.429395,0.649586,-0.636525,0.415754,0.649586,-0.636525,0.415723,0.646626,-0.645161,0.406934,0.646596,-0.645192,0.406903,0.624989,-0.664357,0.409833,0.624287,-0.664876,0.410077,0.57683,-0.689474,0.438002,0.577288,-0.689291,0.437666,0.523484,-0.698904,0.487289,0.525407,-0.699057,0.48497,0.496872,-0.688559,0.528153,0.485336,-0.668508,0.563463,0.485336,-0.668447,0.563524,0.480331,-0.643208,0.59624,0.480331,-0.643208,0.596271,0.483779,-0.616535,0.621113,0.483779,-0.616565,0.621082,0.493698,-0.594317,0.634816,0.493667,-0.594348,0.634816,0.505814,-0.580309,0.638234,0.516648,-0.574938,0.634419,0.516617,-0.574938,0.634419,0.5244,-0.576739,0.626362,0.528672,-0.583972,0.616016,0.529496,-0.595141,0.60448,0.527085,-0.609302,0.592334,0.521561,-0.625874,0.579821,0.512955,-0.644459,0.567003,0.501144,-0.664876,0.55385,0.485916,-0.687002,0.540239,0.466811,-0.710868,0.526017,0.443312,-0.736473,0.51091,0.414686,-0.763817,0.494522,0.379986,-0.792871,0.476363,0.337992,-0.823481,0.455641,0.287271,-0.85519,0.431349,0.226234,-0.887204,0.40202,0.153264,-0.917997,0.365734,0.113468,-0.931639,0.345134],
    "faces": [33,2,0,1,3,0,1,1,2,33,3,5,4,2,2,3,4,0,33,5,7,6,4,3,5,5,4,33,7,9,8,6,5,6,6,5,33,9,11,10,8,6,7,7,6,33,11,13,12,10,7,8,8,7,33,13,15,14,12,8,9,9,8,33,15,17,16,14,9,10,10,9,33,17,19,18,16,10,11,11,10,33,19,21,20,18,11,12,12,11,33,21,23,22,20,12,13,13,12,33,23,25,24,22,13,14,14,13,33,25,27,26,24,14,15,15,14,33,27,29,28,26,15,16,16,15,33,29,31,30,28,16,17,17,16,33,31,33,32,30,17,18,18,17,33,33,35,34,32,18,19,19,18,33,35,37,36,34,19,20,20,19,33,37,39,38,36,20,21,22,20,33,39,41,40,38,21,23,24,22,33,41,43,42,40,23,25,26,24,33,43,45,44,42,25,27,28,26,33,45,47,46,44,27,29,30,28,33,47,49,48,46,29,31,32,30,33,49,51,50,48,31,33,33,32,33,51,53,52,50,33,34,35,33,33,53,55,54,52,34,36,37,35,33,55,57,56,54,36,38,39,37,33,57,59,58,56,38,40,41,39,33,59,61,60,58,40,42,42,41,33,61,63,62,60,42,43,44,42,33,63,65,64,62,43,45,45,44,33,65,67,66,64,45,46,46,45,33,67,69,68,66,46,47,47,46,33,69,71,70,68,47,48,48,47,33,71,73,72,70,48,49,49,48,33,73,75,74,72,49,50,50,49,33,75,77,76,74,50,51,51,50,33,77,79,78,76,51,52,52,51,33,79,81,80,78,52,53,53,52,33,81,83,82,80,53,54,54,53,33,83,85,84,82,54,55,55,54,33,85,87,86,84,55,56,56,55,33,87,89,88,86,56,57,57,56,33,89,91,90,88,57,58,58,57,33,91,93,92,90,58,59,59,58,33,93,95,94,92,59,60,60,59,33,95,97,96,94,60,61,61,60],
    "vertices": [-0.287459,0.122121,0.466185,-0.289047,0.070929,0.446361,-0.197917,0.056195,0.48298,-0.268232,-0.020994,0.384664,-0.11302,-0.006175,0.475106,-0.189897,-0.10204,0.33543,-0.032764,-0.056264,0.468844,-0.099545,-0.156276,0.326902,0.04293,-0.095101,0.46399,-0.012642,-0.198755,0.319846,0.114196,-0.123735,0.460338,0.070823,-0.230217,0.314085,0.181246,-0.143216,0.457684,0.150784,-0.251403,0.309436,0.244374,-0.15456,0.455828,0.227096,-0.263085,0.305717,0.303935,-0.158712,0.454577,0.299552,-0.266111,0.302735,0.360299,-0.156521,0.453745,0.367925,-0.26142,0.300293,0.413804,-0.148744,0.453154,0.432026,-0.250046,0.298185,0.464713,-0.136071,0.452625,0.491739,-0.233088,0.296206,0.513204,-0.119169,0.451976,0.547033,-0.211671,0.294152,0.559379,-0.098712,0.451021,0.597952,-0.186908,0.291826,0.603299,-0.0754,0.449561,0.644583,-0.159891,0.289042,0.645015,-0.04996,0.447386,0.687021,-0.131684,0.285626,0.6846,-0.023128,0.444265,0.725339,-0.103338,0.281426,0.722184,0.004362,0.439934,0.759556,-0.075912,0.276321,0.757986,0.03181,0.434068,0.789598,-0.050494,0.27025,0.792375,0.058562,0.426228,0.815243,-0.028222,0.26327,0.825956,0.084006,0.415736,0.836035,-0.010271,0.255674,0.859654,0.107432,0.401451,0.851194,0.002275,0.248219,0.894628,0.127527,0.381459,0.859708,0.008943,0.242434,0.931302,0.141205,0.353335,0.861301,0.011026,0.240361,0.964736,0.143598,0.319466,0.861059,0.011604,0.239227,1.00159,0.135307,0.269464,0.876322,0.006932,0.220081,1.02885,0.119106,0.222923,0.886788,0.000412,0.204458,1.04766,0.094245,0.177461,0.892073,-0.006364,0.194242,1.05654,0.06169,0.135193,0.894402,-0.013513,0.186818,1.05538,0.024062,0.09835,0.894651,-0.022813,0.17946,1.04563,-0.015806,0.06776,0.892115,-0.036251,0.170838,1.02921,-0.056195,0.042798,0.885624,-0.054702,0.16108,1.00761,-0.096498,0.022284,0.87445,-0.077926,0.150869,0.981743,-0.136637,0.00512,0.858419,-0.105156,0.140803,0.952193,-0.176636,-0.009535,0.837711,-0.135523,0.131225,0.919362,-0.216462,-0.022306,0.812674,-0.168216,0.122262,0.883592,-0.255988,-0.033671,0.783718,-0.202515,0.113894,0.845211,-0.295007,-0.044021,0.751269,-0.237783,0.106012,0.804546,-0.333249,-0.053691,0.715751,-0.273443,0.098454,0.76194,-0.370401,-0.062982,0.677575,-0.308965,0.091023,0.717745,-0.406116,-0.072176,0.637142,-0.343849,0.083501,0.672328,-0.440024,-0.081538,0.594836,-0.37762,0.075657,0.626071,-0.471741,-0.091323,0.55103,-0.409817,0.067245,0.579371,-0.500869,-0.101775,0.506079,-0.439993,0.058013,0.532641,-0.527007,-0.113126,0.460322,-0.467704,0.047693,0.486315,-0.549751,-0.125595,0.414079,-0.492508,0.036006,0.440845,-0.568708,-0.139379,0.36765,-0.513953,0.022652,0.396699,-0.583505,-0.154652,0.32132,-0.531567,0.007305,0.354255,-0.59383,-0.171595,0.275465,-0.544816,-0.010352],
    "name": "Mesh.001Geometry",
    "uvs": []
}